CREATE SCHEMA IF NOT EXISTS `autos` DEFAULT CHARACTER SET utf8 COLLATE utf8_spanish_ci ;
USE `autos` ;

-- tabla de usuarios
CREATE TABLE IF NOT EXISTS `usuarios` (
  `usu_id` int(10) NOT NULL AUTO_INCREMENT,
  `usu_nombre` varchar(15) CHARACTER SET utf8 COLLATE utf8_spanish_ci NOT NULL,
  `usu_apellido` varchar(15) CHARACTER SET utf8 COLLATE utf8_spanish_ci NOT NULL,
  `usu_email` varchar(50) CHARACTER SET utf8 COLLATE utf8_spanish_ci NOT NULL,
  `usu_email2` varchar(50) CHARACTER SET utf8 COLLATE utf8_spanish_ci NOT NULL,
  `usu_clave` varchar(50) CHARACTER SET utf8 COLLATE utf8_spanish_ci NOT NULL,
  `usu_clave2` varchar(50) CHARACTER SET utf8 COLLATE utf8_spanish_ci NOT NULL,
  PRIMARY KEY (`usu_id`)
) ENGINE=InnoDB  DEFAULT CHARSET=utf8 COLLATE=utf8_unicode_ci AUTO_INCREMENT=50 ;

--
-- Volcar la base de datos para la tabla `usuarios`
--

INSERT INTO `usuarios` (`usu_id`, `usu_nombre`, `usu_apellido`, `usu_email`, `usu_email2`,`usu_clave`,`usu_clave2`) VALUES
(1, 'cristian', 'veizaga', 'leo@hotmail.com', 'leo@hotmail.com','admin','admin'),
(2, 'pedro', 'garcia', 'pedro@hotmail.com', 'pedro@hotmail.com','admin','admin');



-- -----------------------------------------------------
-- Table `autos`.`categorias`
-- -----------------------------------------------------
CREATE TABLE IF NOT EXISTS `categorias` (
  `cat_id` INT NOT NULL AUTO_INCREMENT COMMENT '',
  `cat_nombre` VARCHAR(45) NOT NULL COMMENT '',
  PRIMARY KEY (`cat_id`)  COMMENT '')
ENGINE = InnoDB;

INSERT INTO `categorias` (`cat_id`, `cat_nombre`) VALUES
(1, 'Alfa Romeo'),
(2, 'Audi'),
(3, 'BMW'),
(4, 'Chery'),
(5, 'Chevrolet'),
(6,'Chrysler'),
(7,'Citroen'),
(8,'Dodge'),
(9,'DS'),
(10,'Fearrari'),
(11,'Fiat'),
(12,'Ford'),
(13,'Honda'),
(14,'Hyundai'),
(15,'Iveco'),
(16,'Jaguar'),
(17,'Jeep'),
(18,'KIA'),
(19,'Land Rover'),
(20,'Lifan'),
(21,'Maserati'),
(22,'Mercedes Benz'),
(23,'MINI'),
(24,'Mitsubishi'),
(25,'Nissan'),
(26,'Peugeot'),
(27,'Porsche'),
(28,'RAM'),
(29,'Renault'),
(30,'Smart'),
(31,'Ssang Yong'),
(32,'Subaru'),
(33,'Susuki'),
(34,'Toyota'),
(35,'Volkswagen'),
(36,'Volvo');
-- -----------------------------------------------------
-- Table `autos`.`nuevos`
-- -----------------------------------------------------
CREATE TABLE IF NOT EXISTS `nuevos` (
  `id_nuevos` INT NOT NULL AUTO_INCREMENT COMMENT '',
  `modelo` VARCHAR(45) NOT NULL COMMENT '',
  `precio` VARCHAR(45) NOT NULL COMMENT '',
  `origen` VARCHAR(45) NOT NULL COMMENT '',
  `descripcion` TEXT(5000) NOT NULL COMMENT '',
  `foto` varchar(45) not null,
  `cat_id` INT NOT NULL COMMENT '',
  `foto1` varchar(45) not null,
  `foto2` varchar(45) not null,
  `foto3` varchar(45) not null,
  `foto4` varchar(45) not null,
  `foto5` varchar(45) not null,
  `foto6` varchar(45) not null,
  `foto7` varchar(45) not null,
  `foto8` varchar(45) not null,
  PRIMARY KEY (`id_nuevos`)  COMMENT '',
  INDEX `cat_id_idx` (`cat_id` ASC)  COMMENT '',
  CONSTRAINT `cat_id`
    FOREIGN KEY (`cat_id`)
    REFERENCES `categorias` (`cat_id`)
    ON DELETE CASCADE
    ON UPDATE CASCADE)
ENGINE = InnoDB;


INSERT INTO `nuevos` (`id_nuevos`,`modelo`,`precio`,`origen`,`descripcion`,`foto`,`cat_id`,`foto1`,`foto2`,`foto3`,`foto4`,`foto5`,`foto6`,`foto7`,`foto8`) VALUES
(1,'Giulietta','u$s 35.000','Italia','Toda la información del equipamiento, colores, precios, datos técnicos y fotos de las versiones de Alfa Romeo Giulietta disponibles en el mercado. Contactate con las concesionarias de todo el país para recibir más información.','1.jpg',1,'1.jpg','2.jpg','3.jpg','4.jpg','5.jpg','6.jpg','7.jpg','8.jpg'),
(2,'MiTo','u$s 40.000','Italia','Toda la información del equipamiento, colores, precios, datos técnicos y fotos de las versiones de Alfa Romeo MiTo disponibles en el mercado. Contactate con las concesionarias de todo el país para recibir más información.','2.jpg',1,'9.jpg','10.jpg','11.jpg','12.jpg','13.jpg','14.jpg','',''),
(3,'A1','u$s 31.700','España','Toda la información del equipamiento, colores, precios, datos técnicos y fotos de las versiones de Audi A1 disponibles en el mercado. Contactate con las concesionarias de todo el país para recibir más información.','3.jpg',2,'15.jpg','16.jpg','17.jpg','18.jpg','19.jpg','20.jpg','21.jpg','22.jpg'),
(4,'A3','u$s 33.700','Alemania','Toda la información del equipamiento, colores, precios, datos técnicos y fotos de las versiones de Audi A3 disponibles en el mercado. Contactate con las concesionarias de todo el país para recibir más información.','4.jpg',2,'23.jpg','24.jpg','25.jpg','26.jpg','27.jpg','28.jpg','29.jpg','30.jpg'),
(5,'A5','u$s 59.750','Alemania','Toda la información del equipamiento, colores, precios, datos técnicos y fotos de las versiones de Audi A5 disponibles en el mercado. Contactate con las concesionarias de todo el país para recibir más información.','5.jpg',2,'31.jpg','32.jpg','33.jpg','34.jpg','35.jpg','36.jpg','37.jpg','38.jpg'),
(6,'A6','u$s 83.750','Alemania','Toda la información del equipamiento, colores, precios, datos técnicos y fotos de las versiones de Audi A6 disponibles en el mercado. Contactate con las concesionarias de todo el país para recibir más información.','6.jpg',2,'39.jpg','40.jpg','41.jpg','42.jpg','43.jpg','44.jpg','sin-foto.png','sin-foto.png'),
(7,'A7','u$s 115.600','España','Toda la información del equipamiento, colores, precios, datos técnicos y fotos de las versiones de Audi A7 disponibles en el mercado. Contactate con las concesionarias de todo el país para recibir más información.','7.jpg',2,'45.jpg','46.jpg','47.jpg','48.jpg','49.jpg','50.jpg','51.jpg','52.jpg'),
(8,'Q3','u$s 45.500','España','Toda la información del equipamiento, colores, precios, datos técnicos y fotos de las versiones de Audi Q3 disponibles en el mercado. Contactate con las concesionarias de todo el país para recibir más información.','8.jpg',2,'53.jpg','54.jpg','55.jpg','56.jpg','57.jpg','58.jpg','sin-foto.png','sin-foto.png'),
(9,'Q5','u$s 71.600','Alemania','Toda la información del equipamiento, colores, precios, datos técnicos y fotos de las versiones de Audi Q5 disponibles en el mercado. Contactate con las concesionarias de todo el país para recibir más información.','9.jpg',2,'59.jpg','60.jpg','61.jpg','62.jpg','63.jpg','64.jpg','65.jpg','66.jpg'),
(10,'Serie 1','u$s 55.000','Alemania','Toda la información del equipamiento, colores, precios, datos técnicos y fotos de las versiones de BMW Serie 1 disponibles en el mercado. Contactate con las concesionarias de todo el país para recibir más información.','10.jpg',3,'67.jpg','68.jpg','69.jpg','70.jpg','71.jpg','72.jpg','73.jpg','sin-foto.png'),
(11,'Serie 2','u$s 61.000','Alemania','Toda la información del equipamiento, colores, precios, datos técnicos y fotos de las versiones de BMW Serie 2 disponibles en el mercado. Contactate con las concesionarias de todo el país para recibir más información.','11.jpg',3,'74.jpg','75.jpg','76.jpg','77.jpg','78.jpg','79.jpg','80.jpg','81.jpg'),
(12,'Serie 3','u$s 65.000','Alemania','Toda la información del equipamiento, colores, precios, datos técnicos y fotos de las versiones de BMW Serie 3 disponibles en el mercado. Contactate con las concesionarias de todo el país para recibir más información.','12.jpg',3,'82.jpg','83.jpg','84.jpg','85.jpg','86.jpg','87.jpg','sin-foto.png','sin-foto.png'),
(13,'Serie 4','u$s 78.000','Alemania','Toda la información del equipamiento, colores, precios, datos técnicos y fotos de las versiones de BMW Serie 4 disponibles en el mercado. Contactate con las concesionarias de todo el país para recibir más información.','13.jpg',3,'88.jpg','89.jpg','90.jpg','91.jpg','92.jpg','93.jpg','94.jpg','95.jpg'),
(14,'Serie 5','u$s 82.000','Alemania','Toda la información del equipamiento, colores, precios, datos técnicos y fotos de las versiones de BMW Serie 5 disponibles en el mercado. Contactate con las concesionarias de todo el país para recibir más información.','14.jpg',3,'96.jpg','97.jpg','98.jpg','99.jpg','100.jpg','101.jpg','102.jpg','103.jpg'),
(15,'Serie 6','u$s 96.000','Alemania','Toda la información del equipamiento, colores, precios, datos técnicos y fotos de las versiones de BMW Serie 6 disponibles en el mercado. Contactate con las concesionarias de todo el país para recibir más información.','15.jpg',3,'104.jpg','105.jpg','106.jpg','107.jpg','108.jpg','109.jpg','110.jpg','111.jpg'),
(16,'Serie M','u$s 110.000','Alemania','Toda la información del equipamiento, colores, precios, datos técnicos y fotos de las versiones de BMW Serie M disponibles en el mercado. Contactate con las concesionarias de todo el país para recibir más información.','16.jpg',3,'112.jpg','113.jpg','114.jpg','115.jpg','116.jpg','117.jpg','118.jpg','119.jpg'),
(17,'X1','u$s 124.500','Alemania','Toda la información del equipamiento, colores, precios, datos técnicos y fotos de las versiones de BMW X1 disponibles en el mercado. Contactate con las concesionarias de todo el país para recibir más información.','17.jpg',3,'120.jpg','121.jpg','122.jpg','123.jpg','124.jpg','125.jpg','126.jpg','127.jpg'),
(18,'X3','u$s 132.800','Alemania','Toda la información del equipamiento, colores, precios, datos técnicos y fotos de las versiones de BMW X3 disponibles en el mercado. Contactate con las concesionarias de todo el país para recibir más información.','18.jpg',3,'128.jpg','129.jpg','130.jpg','131.jpg','132.jpg','133.jpg','134.jpg','135.jpg'),
(19,'X4','u$s 140.000','Alemania','Toda la información del equipamiento, colores, precios, datos técnicos y fotos de las versiones de BMW X4 disponibles en el mercado. Contactate con las concesionarias de todo el país para recibir más información.','19.jpg',3,'136.jpg','137.jpg','138.jpg','139.jpg','140.jpg','141.jpg','142.jpg','143.jpg'),
(20,'X5','u$s 164.000','Alemania','Toda la información del equipamiento, colores, precios, datos técnicos y fotos de las versiones de BMW X5 disponibles en el mercado. Contactate con las concesionarias de todo el país para recibir más información.','20.jpg',3,'144.jpg','145.jpg','146.jpg','147.jpg','148.jpg','149.jpg','150.jpg','151.jpg'),
(21,'X6','u$s 180.000','Alemania','Toda la información del equipamiento, colores, precios, datos técnicos y fotos de las versiones de BMW X6 disponibles en el mercado. Contactate con las concesionarias de todo el país para recibir más información.','21.jpg',3,'152.jpg','153.jpg','154.jpg','155.jpg','156.jpg','157.jpg','158.jpg','159.jpg'),
(22,'Z4','u$s 240.000','Alemania','Toda la información del equipamiento, colores, precios, datos técnicos y fotos de las versiones de BMW Z4 disponibles en el mercado. Contactate con las concesionarias de todo el país para recibir más información.','22.jpg',3,'160.jpg','161.jpg','162.jpg','163.jpg','164.jpg','165.jpg','166.jpg','167.jpg'),
(23,'Fulwin','$248.113','Uruguay','Toda la información del equipamiento, colores, precios, datos técnicos y fotos de las versiones de Chery Fulwin disponibles en el mercado. Contactate con las concesionarias de todo el país para recibir más información.','23.jpg',4,'168.jpg','169.jpg','170.jpg','171.jpg','172.jpg','173.jpg','174.jpg','175.jpg'),
(24,'QQ','$197.336','China','Toda la información del equipamiento, colores, precios, datos técnicos y fotos de las versiones de Chery QQ disponibles en el mercado. Contactate con las concesionarias de todo el país para recibir más información.','24.jpg',4,'176.jpg','177.jpg','178.jpg','179.jpg','180.jpg','181.jpg','182.jpg','183.jpg'),
(25,'Tiggo','$333.654','Uruguay','Toda la información del equipamiento, colores, precios, datos técnicos y fotos de las versiones de Chery Tiggo disponibles en el mercado. Contactate con las concesionarias de todo el país para recibir más información.','25.jpg',4,'184.jpg','185.jpg','186.jpg','187.jpg','188.jpg','189.jpg','190.jpg','191.jpg'),
(26,'Agile','$212.200','Argentina','Toda la información del equipamiento, colores, precios, datos técnicos y fotos de las versiones de Chevrolet Agile disponibles en el mercado. Contactate con las concesionarias de todo el país para recibir más información.','26.jpg',5,'192.jpg','193.jpg','194.jpg','195.jpg','196.jpg','197.jpg','198.jpg','199.jpg'),
(27,'Camaro','$850.500','Estados Unidos','Toda la información del equipamiento, colores, precios, datos técnicos y fotos de las versiones de Chevrolet Camaro disponibles en el mercado. Contactate con las concesionarias de todo el país para recibir más información.','27.jpg',5,'200.jpg','201.jpg','202.jpg','203.jpg','204.jpg','205.jpg','206.jpg','207.jpg'),
(28,'Captiva','$427.400','Corea','Toda la información del equipamiento, colores, precios, datos técnicos y fotos de las versiones de Chevrolet Captiva disponibles en el mercado. Contactate con las concesionarias de todo el país para recibir más información','28.jpg',5,'208.jpg','209.jpg','210.jpg','211.jpg','212.jpg','sin-foto.png','sin-foto.png','sin-foto.png'),
(29,'Cruze','$343.400','Corea','Toda la información del equipamiento, colores, precios, datos técnicos y fotos de las versiones de Chevrolet Cruze disponibles en el mercado. Contactate con las concesionarias de todo el país para recibir más información.','29.jpg',5,'213.jpg','214.jpg','215.jpg','216.jpg','217.jpg','218.jpg','219.jpg','220.jpg'),
(30,'Cobalt','$302.200','Brasil','Toda la información del equipamiento, colores, precios, datos técnicos y fotos de las versiones de Chevrolet Cobalt disponibles en el mercado. Contactate con las concesionarias de todo el país para recibir más información.','30.jpg',5,'221.jpg','222.jpg','223.jpg','224.jpg','225.jpg','226.jpg','227.jpg','228.jpg'),
(31,'Cruze 5','$339.800','Corea','Toda la información del equipamiento, colores, precios, datos técnicos y fotos de las versiones de Chevrolet Cruze 5 disponibles en el mercado. Contactate con las concesionarias de todo el país para recibir más información.','31.jpg',5,'229.jpg','230.jpg','231.jpg','232.jpg','233.jpg','234.jpg','235.jpg','236.jpg'),
(32,'Onix','$252.000','Brasil','Toda la información del equipamiento, colores, precios, datos técnicos y fotos de las versiones de Chevrolet Onix disponibles en el mercado. Contactate con las concesionarias de todo el país para recibir más información.','32.jpg',5,'237.jpg','238.jpg','239.jpg','240.jpg','241.jpg','242.jpg','sin-foto.png','sin-foto.png'),
(33,'Prisma','$260.000','Brasil','Toda la información del equipamiento, colores, precios, datos técnicos y fotos de las versiones de Chevrolet Prisma disponibles en el mercado. Contactate con las concesionarias de todo el país para recibir más información.','33.jpg',5,'243.jpg','244.jpg','245.jpg','246.jpg','247.jpg','248.jpg','249.jpg','250.jpg'),
(34,'Sonic','$319.300','Corea','Toda la información del equipamiento, colores, precios, datos técnicos y fotos de las versiones de Chevrolet Sonic disponibles en el mercado. Contactate con las concesionarias de todo el país para recibir más información.','34.jpg',5,'251.jpg','252.jpg','253.jpg','254.jpg','255.jpg','256.jpg','257.jpg','258.jpg'),
(35,'S 10','$411.400','Brasil','Toda la información del equipamiento, colores, precios, datos técnicos y fotos de las versiones de Chevrolet S 10 disponibles en el mercado. Contactate con las concesionarias de todo el país para recibir más información.','35.jpg',5,'259.jpg','260.jpg','261.jpg','262.jpg','263.jpg','264.jpg','265.jpg','sin-foto.png'),
(36,'Trailblazer','$721.300','Brasil','Toda la información del equipamiento, colores, precios, datos técnicos y fotos de las versiones de Chevrolet Trailblazer disponibles en el mercado. Contactate con las concesionarias de todo el país para recibir más información.','36.jpg',5,'266.jpg','267.jpg','268.jpg','269.jpg','sin-foto.png','sin-foto.png','sin-foto.png','sin-foto.png'),
(37,'Spark','$261.000','Corea','Toda la información del equipamiento, colores, precios, datos técnicos y fotos de las versiones de Chevrolet Spark disponibles en el mercado. Contactate con las concesionarias de todo el país para recibir más información.','37.jpg',5,'270.jpg','271.jpg','272.jpg','273.jpg','274.jpg','275.jpg','276.jpg','277.jpg'),
(38,'Montana','$262.900','Brasil','Toda la información del equipamiento, colores, precios, datos técnicos y fotos de las versiones de Chevrolet Montana disponibles en el mercado. Contactate con las concesionarias de todo el país para recibir más información.','38.jpg',5,'278.jpg','279.jpg','280.jpg','281.jpg','282.jpg','283.jpg','284.jpg','285.jpg'),
(39,'Town and Country','$250.000','Estados Unidos','Toda la información del equipamiento, colores, precios, datos técnicos y fotos de las versiones de Chrysler Town and Country disponibles en el mercado. Contactate con las concesionarias de todo el país para recibir más información.','40.jpg',6,'294.jpg','295.jpg','296.jpg','297.jpg','298.jpg','sin-foto.png','sin-foto.png','sin-foto.png'),
(40,'Berlingo Furgón','$222.000','Argentina','Toda la información del equipamiento, colores, precios, datos técnicos y fotos de las versiones de Citroën Berlingo Furgón disponibles en el mercado. Contactate con las concesionarias de todo el país para recibir más información.','41.jpg',7,'299.jpg','300.jpg','301.jpg','302.jpg','303.jpg','304.jpg','305.jpg','sin-foto.png'),
(41,'Berlingo Multispace','$289.500','Argentina','Toda la información del equipamiento, colores, precios, datos técnicos y fotos de las versiones de Citroën Berlingo Multispace disponibles en el mercado. Contactate con las concesionarias de todo el país para recibir más información.','42.jpg',7,'306.jpg','307.jpg','308.jpg','309.jpg','sin-foto.png','sin-foto.png','sin-foto.png','sin-foto.png'),
(42,'C3','$248.000','Brasil','Toda la información del equipamiento, colores, precios, datos técnicos y fotos de las versiones de Citroën C3 disponibles en el mercado. Contactate con las concesionarias de todo el país para recibir más información.','43.jpg',7,'310.jpg','311.jpg','312.jpg','313.jpg','314.jpg','315.jpg','316.jpg','317.jpg'),
(43,'C3 Aircross','$280.500','Brasil','Toda la información del equipamiento, colores, precios, datos técnicos y fotos de las versiones de Citroën C3 Aircross disponibles en el mercado. Contactate con las concesionarias de todo el país para recibir más información.','44.jpg',7,'318.jpg','319.jpg','320.jpg','321.jpg','322.jpg','323.jpg','324.jpg','325.jpg'),
(44,'C4 Lounge','$317.000','Argentina','Toda la información del equipamiento, colores, precios, datos técnicos y fotos de las versiones de Citroën C4 Lounge disponibles en el mercado. Contactate con las concesionarias de todo el país para recibir más información.','45.jpg',7,'326.jpg','327.jpg','328.jpg','329.jpg','330.jpg','331.jpg','332.jpg','333.jpg'),
(45,'Jumper','$511.000','España','Toda la información del equipamiento, colores, precios, datos técnicos y fotos de las versiones de Citroën Jumper disponibles en el mercado. Contactate con las concesionarias de todo el país para recibir más información.','46.jpg',7,'334.jpg','335.jpg','336.jpg','sin-foto.png','sin-foto.png','sin-foto.png','sin-foto.png','sin-foto.png'),
(46,'Journey','u$s47.000','Brasil','Toda la información del equipamiento, colores, precios, datos técnicos y fotos de las versiones de Dodge Journey disponibles en el mercado. Contactate con las concesionarias de todo el país para recibir más información.','47.jpg',8,'337.jpg','338.jpg','339.jpg','340.jpg','341.jpg','342.jpg','343.jpg','344.jpg'),
(47,'3','$377.000','Francia','Toda la información del equipamiento, colores, precios, datos técnicos y fotos de las versiones de DS 3 disponibles en el mercado. Contactate con las concesionarias de todo el país para recibir más información.','48.jpg',9,'345.jpg','346.jpg','347.jpg','348.jpg','349.jpg','350.jpg','351.jpg','352.jpg'),
(48,'California','u$s350.000','Italia','Toda la información del equipamiento, colores, precios, datos técnicos y fotos de las versiones de Ferrari California disponibles en el mercado. Contactate con las concesionarias de todo el país para recibir más información.','49.jpg',10,'353.jpg','354.jpg','355.jpg','356.jpg','357.jpg','358.jpg','359.jpg','360.jpg'),
(49,'F12','u$s375.000','Italia','Toda la información del equipamiento, colores, precios, datos técnicos y fotos de las versiones de Ferrari F12 disponibles en el mercado. Contactate con las concesionarias de todo el país para recibir más información.','50.jpg',10,'361.jpg','362.jpg','363.jpg','364.jpg','365.jpg','366.jpg','367.jpg','368.jpg'),
(50,'F488','u$s420.000','Italia','Toda la información del equipamiento, colores, precios, datos técnicos y fotos de las versiones de Ferrari F488 disponibles en el mercado. Contactate con las concesionarias de todo el país para recibir más información.','51.jpg',10,'369.jpg','370.jpg','371.jpg','372.jpg','373.jpg','374.jpg','375.jpg','376.jpg'),
(51,'FF','u$s392.000','Italia','Toda la información del equipamiento, colores, precios, datos técnicos y fotos de las versiones de Ferrari FF disponibles en el mercado. Contactate con las concesionarias de todo el país para recibir más información.','52.jpg',10,'377.jpg','378.jpg','379.jpg','380.jpg','381.jpg','382.jpg','383.jpg','384.jpg'),
(52,'500','$293.000','Polonia, México, Servia','Toda la información del equipamiento, colores, precios, datos técnicos y fotos de las versiones de Fiat 500 disponibles en el mercado. Contactate con las concesionarias de todo el país para recibir más información.','53.jpg',11,'385.jpg','386.jpg','387.jpg','388.jpg','389.jpg','390.jpg','391.jpg','sin-foto.png'),
(53,'Dobló Cargo','$310.700','Turquía','Toda la información del equipamiento, colores, precios, datos técnicos y fotos de las versiones de Fiat Dobló Cargo disponibles en el mercado. Contactate con las concesionarias de todo el país para recibir más información.','54.jpg',11,'392.jpg','393.jpg','394.jpg','395.jpg','396.jpg','sin-foto.png','sin-foto.png','sin-foto.png'),
(54,'Ducato','$550.700','Brasil','Toda la información del equipamiento, colores, precios, datos técnicos y fotos de las versiones de Fiat Ducato disponibles en el mercado. Contactate con las concesionarias de todo el país para recibir más información.','55.jpg',11,'397.jpg','398.jpg','399.jpg','400.jpg','401.jpg','402.jpg','sin-foto.png','sin-foto.png'),
(55,'Fiorino','$225.600','Brasil','Toda la información del equipamiento, colores, precios, datos técnicos y fotos de las versiones de Fiat Fiorino disponibles en el mercado. Contactate con las concesionarias de todo el país para recibir más información.','56.jpg',11,'403.jpg','404.jpg','405.jpg','406.jpg','407.jpg','408.jpg','409.jpg','410.jpg'),
(56,'Grand Siena','$277.400','Brasil','Toda la información del equipamiento, colores, precios, datos técnicos y fotos de las versiones de Fiat Grand Siena disponibles en el mercado. Contactate con las concesionarias de todo el país para recibir más información.','57.jpg',11,'411.jpg','412.jpg','413.jpg','414.jpg','415.jpg','416.jpg','417.jpg','418.jpg'),
(57,'Idea','$276.400','Brasil','Toda la información del equipamiento, colores, precios, datos técnicos y fotos de las versiones de Fiat Idea disponibles en el mercado. Contactate con las concesionarias de todo el país para recibir más información.','58.jpg',11,'419.jpg','420.jpg','421.jpg','sin-foto.png','sin-foto.png','sin-foto.png','sin-foto.png','sin-foto.png'),
(58,'Linea','$327.000','Brasil','Toda la información del equipamiento, colores, precios, datos técnicos y fotos de las versiones de Fiat Linea disponibles en el mercado. Contactate con las concesionarias de todo el país para recibir más información.','59.jpg',11,'422.jpg','423.jpg','424.jpg','425.jpg','426.jpg','427.jpg','428.jpg','429.jpg'),
(59,'Palio','$232.400','Argentina','Toda la información del equipamiento, colores, precios, datos técnicos y fotos de las versiones de Fiat Palio disponibles en el mercado. Contactate con las concesionarias de todo el país para recibir más información.','60.jpg',11,'430.jpg','431.jpg','432.jpg','433.jpg','434.jpg','435.jpg','436.jpg','437.jpg'),
(60,'Palio Fire','$203.100','Brasil','Toda la información del equipamiento, colores, precios, datos técnicos y fotos de las versiones de Fiat Palio Fire disponibles en el mercado. Contactate con las concesionarias de todo el país para recibir más información.','61.jpg',11,'438.jpg','439.jpg','440.jpg','441.jpg','442.jpg','443.jpg','445.jpg','446.jpg'),
(62,'Palio Weekend','$323.850','Brasil','Toda la información del equipamiento, colores, precios, datos técnicos y fotos de las versiones de Fiat Palio Weekend disponibles en el mercado. Contactate con las concesionarias de todo el país para recibir más información.','62.jpg',11,'447.jpg','448.jpg','449.jpg','450.jpg','451.jpg','452.jpg','453.jpg','sin-foto.png'),
(63,'Punto','$289.800','Brasil','Toda la información del equipamiento, colores, precios, datos técnicos y fotos de las versiones de Fiat Punto disponibles en el mercado. Contactate con las concesionarias de todo el país para recibir más información.','63.jpg',11,'454.jpg','455.jpg','456.jpg','457.jpg','458.jpg','459.jpg','460.jpg','461.jpg'),
(64,'Qubo','$330.700','Turquía','Toda la información del equipamiento, colores, precios, datos técnicos y fotos de las versiones de Fiat Qubo disponibles en el mercado. Contactate con las concesionarias de todo el país para recibir más información.','64.jpg',11,'462.jpg','463.jpg','464.jpg','465.jpg','466.jpg','467.jpg','468.jpg','469.jpg'),
(65,'Strada Adventure','$299.800','Brasil','Toda la información del equipamiento, colores, precios, datos técnicos y fotos de las versiones de Fiat Strada Adventure disponibles en el mercado. Contactate con las concesionarias de todo el país para recibir más información.','65.jpg',11,'470.jpg','471.jpg','472.jpg','473.jpg','474.jpg','475.jpg','476.jpg','477.jpg'),
(66,'EcoSport','$304.500','Brasil','Toda la información del equipamiento, colores, precios, datos técnicos y fotos de las versiones de Ford EcoSport disponibles en el mercado. Contactate con las concesionarias de todo el país para recibir más información.','66.jpg',12,'478.jpg','479.jpg','480.jpg','481.jpg','482.jpg','483.jpg','484.jpg','485.jpg'),
(67,'Fiesta Kinetic','$257.000','Brasil','Toda la información del equipamiento, colores, precios, datos técnicos y fotos de las versiones de Ford Fiesta Kinetic disponibles en el mercado. Contactate con las concesionarias de todo el país para recibir más información.','67.jpg',12,'486.jpg','487.jpg','488.jpg','489.jpg','490.jpg','491.jpg','492.jpg','493.jpg'),
(68,'Fiesta Kinetic Sedán','$264.900','México','Toda la información del equipamiento, colores, precios, datos técnicos y fotos de las versiones de Ford Fiesta Kinetic Sedán disponibles en el mercado. Contactate con las concesionarias de todo el país para recibir más información.','68.jpg',12,'494.jpg','495.jpg','496.jpg','497.jpg','498.jpg','499.jpg','500.jpg','501.jpg'),
(69,'Focus','$314.600','Argentina','Toda la información del equipamiento, colores, precios, datos técnicos y fotos de las versiones de Ford Focus disponibles en el mercado. Contactate con las concesionarias de todo el país para recibir más información.','69.jpg',12,'502.jpg','503.jpg','504.jpg','505.jpg','506.jpg','507.jpg','508.jpg','509.jpg'),
(70,'Focus Sedán','$311.600','Argentina','Toda la información del equipamiento, colores, precios, datos técnicos y fotos de las versiones de Ford Focus Sedán disponibles en el mercado. Contactate con las concesionarias de todo el país para recibir más información.','70.jpg',12,'510.jpg','511.jpg','512.jpg','513.jpg','514.jpg','515.jpg','516.jpg','517.jpg'),
(71,'Ka','$210.400','Brasil','Toda la información del equipamiento, colores, precios, datos técnicos y fotos de las versiones de Ford Ka disponibles en el mercado. Contactate con las concesionarias de todo el país para recibir más información.','71.jpg',12,'518.jpg','519.jpg','520.jpg','521.jpg','522.jpg','523.jpg','524.jpg','525.jpg'),
(72,'Kuga','$755.800','España','Toda la información del equipamiento, colores, precios, datos técnicos y fotos de las versiones de Ford Kuga disponibles en el mercado. Contactate con las concesionarias de todo el país para recibir más información.','72.jpg',12,'526.jpg','527.jpg','528.jpg','529.jpg','530.jpg','531.jpg','532.jpg','533.jpg'),
(73,'Mondeo','$498.200','México','Toda la información del equipamiento, colores, precios, datos técnicos y fotos de las versiones de Ford Mondeo disponibles en el mercado. Contactate con las concesionarias de todo el país para recibir más información.','73.jpg',12,'534.jpg','535.jpg','536.jpg','537.jpg','538.jpg','539.jpg','540.jpg','541.jpg'),
(74,'Ranger','$371.300','Argentina','Toda la información del equipamiento, colores, precios, datos técnicos y fotos de las versiones de Ford Ranger disponibles en el mercado. Contactate con las concesionarias de todo el país para recibir más información.','74.jpg',12,'542.jpg','543.jpg','544.jpg','545.jpg','546.jpg','547.jpg','548.jpg','549.jpg'),
(75,'Transit','$588.100','Turquía','Toda la información del equipamiento, colores, precios, datos técnicos y fotos de las versiones de Ford Transit disponibles en el mercado. Contactate con las concesionarias de todo el país para recibir más información.','75.jpg',12,'550.jpg','551.jpg','552.jpg','553.jpg','554.jpg','555.jpg','sin-foto.png','sin-foto.png'),
(76,'Civic','$397.800','Brasil','Toda la información del equipamiento, colores, precios, datos técnicos y fotos de las versiones de Honda Civic disponibles en el mercado. Contactate con las concesionarias de todo el país para recibir más información.','76.jpg',13,'556.jpg','557.jpg','558.jpg','559.jpg','560.jpg','sin-foto.png','sin-foto.png','sin-foto.png'),
(77,'CR-V','$591.500','México','Toda la información del equipamiento, colores, precios, datos técnicos y fotos de las versiones de Honda CR-V disponibles en el mercado. Contactate con las concesionarias de todo el país para recibir más información.','77.jpg',13,'561.jpg','562.jpg','563.jpg','564.jpg','565.jpg','567.jpg','568.jpg','569.jpg'),
(78,'HR-V','$397.800','Argentina','Toda la información del equipamiento, colores, precios, datos técnicos y fotos de las versiones de Honda HR-V disponibles en el mercado. Contactate con las concesionarias de todo el país para recibir más información.','78.jpg',13,'570.jpg','571.jpg','572.jpg','573.jpg','574.jpg','575.jpg','576.jpg','577.jpg'),
(79,'2008','$329.300','Brasil','Toda la información del equipamiento, colores, precios, datos técnicos y fotos de las versiones de Peugeot 2008 disponibles en el mercado. Contactate con las concesionarias de todo el país para recibir más información.','79.jpg',26,'578.jpg','579.jpg','580.jpg','581.jpg','582.jpg','583.jpg','584.jpg','585.jpg'),
(80,'207 Compact','$225.200','Argentina','Toda la información del equipamiento, colores, precios, datos técnicos y fotos de las versiones de Peugeot 207 Compact disponibles en el mercado. Contactate con las concesionarias de todo el país para recibir más información.','80.jpg',26,'586.jpg','587.jpg','588.jpg','589.jpg','590.jpg','591.jpg','sin-foto.png','sin-foto.png'),
(81,'208','$261.200','Brasil','Toda la información del equipamiento, colores, precios, datos técnicos y fotos de las versiones de Peugeot 208 disponibles en el mercado. Contactate con las concesionarias de todo el país para recibir más información.','81.jpg',26,'592.jpg','593.jpg','594.jpg','595.jpg','596.jpg','597.jpg','598.jpg','599.jpg'),
(82,'308','$318.200','Argentina','Toda la información del equipamiento, colores, precios, datos técnicos y fotos de las versiones de Peugeot 308 disponibles en el mercado. Contactate con las concesionarias de todo el país para recibir más información.','82.jpg',26,'600.jpg','601.jpg','602.jpg','603.jpg','604.jpg','605.jpg','606.jpg','607.jpg'),
(83,'408','$307.800','Argentina','Toda la información del equipamiento, colores, precios, datos técnicos y fotos de las versiones de Peugeot 408 disponibles en el mercado. Contactate con las concesionarias de todo el país para recibir más información.','83.jpg',26,'608.jpg','609.jpg','610.jpg','611.jpg','612.jpg','613.jpg','614.jpg','615.jpg'),
(84,'Boxer','$516.100','Argentina','Toda la información del equipamiento, colores, precios, datos técnicos y fotos de las versiones de Peugeot Boxer disponibles en el mercado. Contactate con las concesionarias de todo el país para recibir más información.','84.jpg',26,'616.jpg','sin-foto.png','sin-foto.png','sin-foto.png','sin-foto.png','sin-foto.png','sin-foto.png','sin-foto.png'),
(85,'Expert','$411.600','Argentina','Toda la información del equipamiento, colores, precios, datos técnicos y fotos de las versiones de Peugeot Expert disponibles en el mercado. Contactate con las concesionarias de todo el país para recibir más información.','85.jpg',26,'617.jpg','618.jpg','619.jpg','620.jpg','621.jpg','622.jpg','623.jpg','624.jpg'),
(86,'Partner','$214.500','Argentina','Toda la información del equipamiento, colores, precios, datos técnicos y fotos de las versiones de Peugeot Partner disponibles en el mercado. Contactate con las concesionarias de todo el país para recibir más información.','86.jpg',26,'625.jpg','626.jpg','sin-foto.png','sin-foto.png','sin-foto.png','sin-foto.png','sin-foto.png','sin-foto.png'),
(87,'Clio Mío','$178.300','Argentina','Toda la información del equipamiento, colores, precios, datos técnicos y fotos de las versiones de Renault Clio Mío disponibles en el mercado. Contactate con las concesionarias de todo el país para recibir más información.','87.jpg',29,'627.jpg','628.jpg','629.jpg','630.jpg','631.jpg','sin-foto.png','sin-foto.png','sin-foto.png'),
(88,'Clio Work','$159.000','Argentina','Toda la información del equipamiento, colores, precios, datos técnicos y fotos de las versiones de Renault Clio Work disponibles en el mercado. Contactate con las concesionarias de todo el país para recibir más información.','88.jpg',29,'632.jpg','633.jpg','sin-foto.png','sin-foto.png','sin-foto.png','sin-foto.png','sin-foto.png','sin-foto.png'),
(89,'Duster','$324.900','Brasil','Toda la información del equipamiento, colores, precios, datos técnicos y fotos de las versiones de Renault Duster disponibles en el mercado. Contactate con las concesionarias de todo el país para recibir más información.','89.jpg',29,'634.jpg','635.jpg','636.jpg','637.jpg','638.jpg','639.jpg','640.jpg','641.jpg'),
(90,'Duster Oroch','$312.700','Brasil','Toda la información del equipamiento, colores, precios, datos técnicos y fotos de las versiones de Renault Duster Oroch disponibles en el mercado. Contactate con las concesionarias de todo el país para recibir más información.','90.jpg',29,'642.jpg','643.jpg','644.jpg','645.jpg','646.jpg','647.jpg','648.jpg','649.jpg'),
(91,'Fluence','$317.800','Argentina','Toda la información del equipamiento, colores, precios, datos técnicos y fotos de las versiones de Renault Fluence disponibles en el mercado. Contactate con las concesionarias de todo el país para recibir más información.','91.jpg',29,'650.jpg','651.jpg','652.jpg','653.jpg','654.jpg','655.jpg','656.jpg','657.jpg'),
(92,'Kangoo','$231.200','Argentina','Toda la información del equipamiento, colores, precios, datos técnicos y fotos de las versiones de Renault Kangoo disponibles en el mercado. Contactate con las concesionarias de todo el país para recibir más información.','92.jpg',29,'658.jpg','659.jpg','660.jpg','661.jpg','sin-foto.png','sin-foto.png','sin-foto.png','sin-foto.png'),
(93,'Logan','$216.200','Brasil','Toda la información del equipamiento, colores, precios, datos técnicos y fotos de las versiones de Renault Logan disponibles en el mercado. Contactate con las concesionarias de todo el país para recibir más información.','93.jpg',29,'662.jpg','663.jpg','664.jpg','665.jpg','666.jpg','667.jpg','668.jpg','669.jpg'),
(94,'Master','$560.700','Brasil','Toda la información del equipamiento, colores, precios, datos técnicos y fotos de las versiones de Renault Master disponibles en el mercado. Contactate con las concesionarias de todo el país para recibir más información.','94.jpg',29,'670.jpg','671.jpg','672.jpg','673.jpg','674.jpg','675.jpg','676.jpg','sin-foto.png'),
(95,'Megane III','$381.400','Turquía','Toda la información del equipamiento, colores, precios, datos técnicos y fotos de las versiones de Renault Megane III disponibles en el mercado. Contactate con las concesionarias de todo el país para recibir más información.','95.jpg',29,'677.jpg','678.jpg','679.jpg','680.jpg','681.jpg','682.jpg','683.jpg','684.jpg'),
(96,'Sandero','$222.600','Brasil','Toda la información del equipamiento, colores, precios, datos técnicos y fotos de las versiones de Renault Sandero disponibles en el mercado. Contactate con las concesionarias de todo el país para recibir más información.','96.jpg',29,'685.jpg','686.jpg','687.jpg','688.jpg','689.jpg','690.jpg','691.jpg','692.jpg'),
(97,'Sandero Stepway','$276.500','Brasil','Toda la información del equipamiento, colores, precios, datos técnicos y fotos de las versiones de Renault Sandero Stepway disponibles en el mercado. Contactate con las concesionarias de todo el país para recibir más información.','97.jpg',29,'693.jpg','694.jpg','695.jpg','696.jpg','697.jpg','698.jpg','699.jpg','700.jpg'),
(98,'86','$807.950','Japón','Toda la información del equipamiento, colores, precios, datos técnicos y fotos de las versiones de Toyota 86 disponibles en el mercado. Contactate con las concesionarias de todo el país para recibir más información.','98.jpg',34,'701.jpg','702.jpg','703.jpg','704.jpg','705.jpg','706.jpg','707.jpg','sin-foto.png'),
(99,'Camry','$847.990','Japón','Toda la información del equipamiento, colores, precios, datos técnicos y fotos de las versiones de Toyota Camry disponibles en el mercado. Contactate con las concesionarias de todo el país para recibir más información.','99.jpg',34,'708.jpg','709.jpg','710.jpg','711.jpg','712.jpg','713.jpg','714.jpg','715.jpg'),
(100,'Corolla','$317.300','Brasil','Toda la información del equipamiento, colores, precios, datos técnicos y fotos de las versiones de Toyota Corolla disponibles en el mercado. Contactate con las concesionarias de todo el país para recibir más información.','100.jpg',34,'716.jpg','717.jpg','718.jpg','719.jpg','720.jpg','721.jpg','722.jpg','723.jpg'),
(101,'Etios Hatchback','$212.800','Brasil','Toda la información del equipamiento, colores, precios, datos técnicos y fotos de las versiones de Toyota Etios Hatchback disponibles en el mercado. Contactate con las concesionarias de todo el país para recibir más información.','101.jpg',34,'724.jpg','725.jpg','726.jpg','727.jpg','728.jpg','729.jpg','730.jpg','731.jpg'),
(102,'Etios Sedán','$222.300','Brasil','Toda la información del equipamiento, colores, precios, datos técnicos y fotos de las versiones de Toyota Etios Sedán disponibles en el mercado. Contactate con las concesionarias de todo el país para recibir más información.','102.jpg',34,'732.jpg','733.jpg','734.jpg','735.jpg','736.jpg','737.jpg','738.jpg','739.jpg'),
(103,'Hilux','$409.700','Argentina','Toda la información del equipamiento, colores, precios, datos técnicos y fotos de las versiones de Toyota Hilux disponibles en el mercado. Contactate con las concesionarias de todo el país para recibir más información.','103.jpg',34,'740.jpg','741.jpg','742.jpg','743.jpg','744.jpg','745.jpg','746.jpg','747.jpg'),
(104,'Land Cruiser','$1.402.830','Japón','Toda la información del equipamiento, colores, precios, datos técnicos y fotos de las versiones de Toyota Land Cruiser disponibles en el mercado. Contactate con las concesionarias de todo el país para recibir más información.','104.jpg',34,'748.jpg','749.jpg','750.jpg','751.jpg','752.jpg','753.jpg','754.jpg','755.jpg'),
(105,'Prius','$876.000','Japón','Toda la información del equipamiento, colores, precios, datos técnicos y fotos de las versiones de Toyota Prius disponibles en el mercado. Contactate con las concesionarias de todo el país para recibir más información.','105.jpg',34,'756.jpg','757.jpg','758.jpg','759.jpg','760.jpg','sin-foto.png','sin-foto.png','sin-foto.png'),
(106,'RAV4','$712.140','Japón','Toda la información del equipamiento, colores, precios, datos técnicos y fotos de las versiones de Toyota RAV4 disponibles en el mercado. Contactate con las concesionarias de todo el país para recibir más información.','106.jpg',34,'761.jpg','762.jpg','763.jpg','764.jpg','765.jpg','766.jpg','767.jpg','sin-foto.png'),
(107,'SW4','$883.100','Argentina','Toda la información del equipamiento, colores, precios, datos técnicos y fotos de las versiones de Toyota SW4 disponibles en el mercado. Contactate con las concesionarias de todo el país para recibir más información.','107.jpg',34,'768.jpg','769.jpg','770.jpg','771.jpg','772.jpg','773.jpg','774.jpg','775.jpg'),
(108,'Beetle','$426.874','México','Toda la información del equipamiento, colores, precios, datos técnicos y fotos de las versiones de Volkswagen Beetle disponibles en el mercado. Contactate con las concesionarias de todo el país para recibir más información.','108.jpg',35,'776.jpg','777.jpg','778.jpg','779.jpg','780.jpg','781.jpg','sin-foto.png','sin-foto.png'),
(109,'CC','$512.000','Alemania','Toda la información del equipamiento, colores, precios, datos técnicos y fotos de las versiones de Volkswagen CC disponibles en el mercado. Contactate con las concesionarias de todo el país para recibir más información.','109.jpg',35,'782.jpg','783.jpg','784.jpg','785.jpg','786.jpg','787.jpg','788.jpg','789.jpg'),
(110,'CrossFox','$330.820','Brasil','Toda la información del equipamiento, colores, precios, datos técnicos y fotos de las versiones de Volkswagen CrossFox disponibles en el mercado. Contactate con las concesionarias de todo el país para recibir más información.','110.jpg',35,'790.jpg','791.jpg','792.jpg','793.jpg','794.jpg','795.jpg','796.jpg','797.jpg'),
(111,'Fox','$269.681','Brasil','Toda la información del equipamiento, colores, precios, datos técnicos y fotos de las versiones de Volkswagen Fox disponibles en el mercado. Contactate con las concesionarias de todo el país para recibir más información.','111.jpg',35,'798.jpg','799.jpg','800.jpg','801.jpg','802.jpg','803.jpg','804.jpg','805.jpg'),
(112,'Gol Trend','$189.276','Brasil','Toda la información del equipamiento, colores, precios, datos técnicos y fotos de las versiones de Volkswagen Gol Trend disponibles en el mercado. Contactate con las concesionarias de todo el país para recibir más información.','112.jpg',35,'806.jpg','807.jpg','808.jpg','809.jpg','810.jpg','811.jpg','812.jpg','813.jpg'),
(113,'Golf','$373.559','México','Toda la información del equipamiento, colores, precios, datos técnicos y fotos de las versiones de Volkswagen Golf disponibles en el mercado. Contactate con las concesionarias de todo el país para recibir más información.','113.jpg',35,'814.jpg','815.jpg','816.jpg','817.jpg','818.jpg','819.jpg','820.jpg','821.jpg'),
(114,'Golf GTI','u$s44.180','México','Toda la información del equipamiento, colores, precios, datos técnicos y fotos de las versiones de Volkswagen Golf GTI disponibles en el mercado. Contactate con las concesionarias de todo el país para recibir más información.','114.jpg',35,'822.jpg','823.jpg','824.jpg','825.jpg','826.jpg','827.jpg','828.jpg','sin-foto.png'),
(115,'Golf Variant','$426.455','México','Toda la información del equipamiento, colores, precios, datos técnicos y fotos de las versiones de Volkswagen Golf Variant disponibles en el mercado. Contactate con las concesionarias de todo el país para recibir más información.','115.jpg',35,'829.jpg','830.jpg','831.jpg','832.jpg','833.jpg','834.jpg','835.jpg','836.jpg'),
(116,'Passat','$588.166','Alemania','Toda la información del equipamiento, colores, precios, datos técnicos y fotos de las versiones de Volkswagen Passat disponibles en el mercado. Contactate con las concesionarias de todo el país para recibir más información.','116.jpg',35,'837.jpg','838.jpg','839.jpg','840.jpg','sin-foto.png','sin-foto.png','sin-foto.png','sin-foto.png'),
(117,'Passat Variant','$600.522','Alemania','Toda la información del equipamiento, colores, precios, datos técnicos y fotos de las versiones de Volkswagen Passat Variant disponibles en el mercado. Contactate con las concesionarias de todo el país para recibir más información.','117.jpg',35,'841.jpg','842.jpg','843.jpg','844.jpg','sin-foto.png','sin-foto.png','sin-foto.png','sin-foto.png'),
(118,'Polo','$325.738','India','Toda la información del equipamiento, colores, precios, datos técnicos y fotos de las versiones de Volkswagen Polo disponibles en el mercado. Contactate con las concesionarias de todo el país para recibir más información.','118.jpg',35,'845.jpg','846.jpg','847.jpg','848.jpg','849.jpg','850.jpg','851.jpg','852.jpg'),
(119,'Suran','$276.799','Argentina','Toda la información del equipamiento, colores, precios, datos técnicos y fotos de las versiones de Volkswagen Suran disponibles en el mercado. Contactate con las concesionarias de todo el país para recibir más información.','119.jpg',35,'853.jpg','854.jpg','855.jpg','856.jpg','857.jpg','858.jpg','859.jpg','860.jpg'),
(120,'Sharan','$662.610','Portugal','Toda la información del equipamiento, colores, precios, datos técnicos y fotos de las versiones de Volkswagen Sharan disponibles en el mercado. Contactate con las concesionarias de todo el país para recibir más información.','120.jpg',35,'861.jpg','862.jpg','863.jpg','864.jpg','865.jpg','866.jpg','867.jpg','868.jpg'),
(121,'AMG GT','u$s355.000','Alemania','Toda la información del equipamiento, colores, precios, datos técnicos y fotos de las versiones de Mercedes Benz AMG GT disponibles en el mercado. Contactate con las concesionarias de todo el país para recibir más información.','121.jpg',22,'859.jpg','870.jpg','871.jpg','872.jpg','873.jpg','874.jpg','875.jpg','876.jpg'),
(122,'Clase A','u$s63.000','Alemania','Toda la información del equipamiento, colores, precios, datos técnicos y fotos de las versiones de Mercedes Benz Clase A disponibles en el mercado. Contactate con las concesionarias de todo el país para recibir más información.','122.jpg',22,'877.jpg','878.jpg','879.jpg','880.jpg','881.jpg','882.jpg','883.jpg','884.jpg'),
(123,'Clase B','u$s49.000','Alemania','Toda la información del equipamiento, colores, precios, datos técnicos y fotos de las versiones de Mercedes Benz Clase B disponibles en el mercado. Contactate con las concesionarias de todo el país para recibir más información.','123.jpg',22,'885.jpg','886.jpg','887.jpg','888.jpg','889.jpg','890.jpg','891.jpg','892.jpg'),
(124,'Clase CLA','u$s112.000','Alemania','Toda la información del equipamiento, colores, precios, datos técnicos y fotos de las versiones de Mercedes Benz Clase CLA disponibles en el mercado. Contactate con las concesionarias de todo el país para recibir más información.','124.jpg',22,'893.jpg','894.jpg','895.jpg','896.jpg','897.jpg','898.jpg','899.jpg','900.jpg'),
(125,'Clase CLS','u$s138.000','Alemania','Toda la información del equipamiento, colores, precios, datos técnicos y fotos de las versiones de Mercedes Benz Clase CLS disponibles en el mercado. Contactate con las concesionarias de todo el país para recibir más información.','125.jpg',22,'901.jpg','902.jpg','903.jpg','904.jpg','905.jpg','906.jpg','sin-foto.png','sin-foto.png'),
(126,'Clase E','u$s114.800','Alemania','Toda la información del equipamiento, colores, precios, datos técnicos y fotos de las versiones de Mercedes Benz Clase E disponibles en el mercado. Contactate con las concesionarias de todo el país para recibir más información.','126.jpg',22,'907.jpg','908.jpg','909.jpg','910.jpg','911.jpg','912.jpg','sin-foto.png','sin-foto.png'),
(127,'Clase GLA','u$s54.500','Alemania','Toda la información del equipamiento, colores, precios, datos técnicos y fotos de las versiones de Mercedes Benz Clase GLA disponibles en el mercado. Contactate con las concesionarias de todo el país para recibir más información.','127.jpg',22,'913.jpg','914.jpg','915.jpg','916.jpg','917.jpg','918.jpg','919.jpg','920.jpg'),
(128,'Clase S','u$s256.000','Alemania','Toda la información del equipamiento, colores, precios, datos técnicos y fotos de las versiones de Mercedes Benz Clase S disponibles en el mercado. Contactate con las concesionarias de todo el país para recibir más información.','128.jpg',22,'921.jpg','922.jpg','923.jpg','924.jpg','925.jpg','926.jpg','927.jpg','928.jpg'),
(129,'Clase SLK','u$s118.000','Alemania','Toda la información del equipamiento, colores, precios, datos técnicos y fotos de las versiones de Mercedes Benz Clase SLK disponibles en el mercado. Contactate con las concesionarias de todo el país para recibir más información.','129.jpg',22,'929.jpg','930.jpg','931.jpg','932.jpg','933.jpg','sin-foto.png','sin-foto.png','sin-foto.png'),
(130,'M','u$s144.600','Alemania','Toda la información del equipamiento, colores, precios, datos técnicos y fotos de las versiones de Mercedes Benz M disponibles en el mercado. Contactate con las concesionarias de todo el país para recibir más información.','130.jpg',22,'934.jpg','935.jpg','936.jpg','937.jpg','938.jpg','939.jpg','940.jpg','941.jpg'),
(131,'Sprinter','u$s36.598','Argentina','Toda la información del equipamiento, colores, precios, datos técnicos y fotos de las versiones de Mercedes Benz Sprinter disponibles en el mercado. Contactate con las concesionarias de todo el país para recibir más información.','131.jpg',22,'942.jpg','943.jpg','944.jpg','945.jpg','sin-foto.png','sin-foto.png','sin-foto.png','sin-foto.png'),
(132,'Vito','u$s33.218','Argentina','Toda la información del equipamiento, colores, precios, datos técnicos y fotos de las versiones de Mercedes Benz Vito disponibles en el mercado. Contactate con las concesionarias de todo el país para recibir más información.','132.jpg',22,'946.jpg','947.jpg','948.jpg','949.jpg','950.jpg','951.jpg','952.jpg','953.jpg'),
(133,'March','$204.297','México','Toda la información del equipamiento, colores, precios, datos técnicos y fotos de las versiones de Nissan March disponibles en el mercado. Contactate con las concesionarias de todo el país para recibir más información.','133.jpg',25,'954.jpg','955.jpg','956.jpg','957.jpg','958.jpg','959.jpg','sin-foto.png','sin-foto.png'),
(134,'Note','$269.850','México','Toda la información del equipamiento, colores, precios, datos técnicos y fotos de las versiones de Nissan Note disponibles en el mercado. Contactate con las concesionarias de todo el país para recibir más información.','134.jpg',25,'960.jpg','961.jpg','962.jpg','963.jpg','964.jpg','965.jpg','966.jpg','967.jpg'),
(135,'NP 300 Frontier','$600.042','México','Toda la información del equipamiento, colores, precios, datos técnicos y fotos de las versiones de Nissan NP 300 Frontier disponibles en el mercado. Contactate con las concesionarias de todo el país para recibir más información.','135.jpg',25,'968.jpg','969.jpg','970.jpg','971.jpg','972.jpg','973.jpg','974.jpg','975.jpg'),
(136,'Sentra','$321.233','México','Toda la información del equipamiento, colores, precios, datos técnicos y fotos de las versiones de Nissan Sentra disponibles en el mercado. Contactate con las concesionarias de todo el país para recibir más información.','136.jpg',25,'976.jpg','977.jpg','978.jpg','979.jpg','980.jpg','981.jpg','982.jpg','983.jpg'),
(137,'Versa','$253.935','México','Toda la información del equipamiento, colores, precios, datos técnicos y fotos de las versiones de Nissan Versa disponibles en el mercado. Contactate con las concesionarias de todo el país para recibir más información.','137.jpg',25,'984.jpg','985.jpg','986.jpg','987.jpg','988.jpg','989.jpg','990.jpg','991.jpg');

--
-- Catalogo de autos usados
--

CREATE TABLE IF NOT EXISTS `categorias_usados` (
  `cat_id` INT NOT NULL AUTO_INCREMENT COMMENT '',
  `cat_nombre` VARCHAR(45) NOT NULL COMMENT '',
  PRIMARY KEY (`cat_id`)  COMMENT '')
ENGINE = InnoDB;

INSERT INTO `categorias_usados` (`cat_id`, `cat_nombre`) VALUES
(1,'Acura'),
(2,'Aleko'),
(3,'Alfa Romeo'),
(4,'AMC'),
(5,'Asia'),
(6,'Audi'),
(7,'Auto Union'),
(8,'Bentley'),
(9,'BMW'),
(10,'Chery'),
(11,'Chevrolet'),
(12,'Chrysler'),
(13,'Citroen'),
(14,'Dacia'),
(15,'Daewoo'),
(16,'Daihatsu'),
(17,'Deuts Agrale'),
(18,'Dodge'),
(19,'Fearrari'),
(20,'Fiat'),
(21,'Ford'),
(22,'Ford Importados'),
(23,'Galloper'),
(24,'Honda'),
(25,'Hyundai'),
(26,'I.E.S.'),
(27,'Ika'),
(28,'IME'),
(29,'Isuzu'),
(30,'Iveco'),
(31,'Jaguar'),
(32,'Jeep'),
(33,'KIA'),
(34,'Landa'),
(35,'Lancia'),
(36,'Land Rover'),
(37,'Lexus'),
(38,'Mazda'),
(39,'Mercedes Benz'),
(40,'MG'),
(41,'MINI'),
(42,'Mitsubishi'),
(43,'Nissan'),
(44,'Opel'),
(45,'Peugeot'),
(46,'Porsche'),
(47,'RAM'),
(48,'Renault'),
(49,'Rover'),
(50,'Saab'),
(51,'SEAT'),
(52,'Siam Di Tella'),
(53,'Smart'),
(54,'Ssang Yong'),
(55,'Subaru'),
(56,'Susuki'),
(57,'Tata'),
(58,'Toyota'),
(59,'Volkswagen'),
(60,'Volvo'),
(61,'Willys');


CREATE TABLE IF NOT EXISTS `usados` (
  `id_usados` INT(10) NOT NULL AUTO_INCREMENT COMMENT '',
  `modelo` VARCHAR(45) NOT NULL COMMENT '',
  `version` VARCHAR(45) NOT NULL COMMENT '',
  `anio` INT NOT NULL COMMENT '',
  `km` INT NOT NULL COMMENT '',
  `combustible` VARCHAR(45) NOT NULL COMMENT '',
  `provincia` VARCHAR(45) NOT NULL COMMENT '',
  `ciudad` VARCHAR(45) NOT NULL COMMENT '',
  `precio` float NOT NULL COMMENT '',
  `descripcion` TEXT NOT NULL COMMENT '',
  `foto` varchar(45) not null,
  `cat_id` INT NOT NULL COMMENT '',
  `foto1` varchar(45) not null,
  `foto2` varchar(45) not null,
  `foto3` varchar(45) not null,
  `foto4` varchar(45) not null,
  `foto5` varchar(45) not null,
  `foto6` varchar(45) not null,
  PRIMARY KEY (`id_usados`))
ENGINE = InnoDB;


INSERT INTO `usados` (`id_usados`,`modelo`,`version`,`anio`,`km`,`combustible`,`provincia`,`ciudad`,`precio`,`descripcion`,`foto`,`cat_id`,`foto1`,`foto2`,`foto3`,`foto4`,`foto5`,`foto6`) VALUES
(1,'MiTo','1.4L Distintictive TCT',2013,30.000,'nafta','Capital Federal','Nuñez',216.000,'Veinticinco años de trayectoria en el mercado avalan nuestro profesionalismo cuando de unidades de alta gama se refiere, contamos ademas con un importante stock de vehiculos para todos los presupuestos. Contamos con amplios planes de financiación, en todas las modalidades Consulte con nuestros asesores estamos para atenderlo y siempre su inquietud será nuestra preocupacion','1.jpg',3,'1.jpg','2.jpg','sin-foto.png','sin-foto.png','sin-foto.png','sin-foto.png'),
(2,'145','1.8 TS 16v',1999, 180.000,'nafta','Buenos Aires GBA','Quilmes',98.000,'180000 km | excelente estado, entrega inmediata. | Sonido: MP3 | CD | AM/FM | | Seguridad: Sensor de estacionamiento | Tercer stop | Airbag conductor | Inmovilizador de motor | | Confort: Espejos eléctricos | Asiento conductor regulable en altura | Aire acondicionado | Cierre centralizado de puertas | Apertura remota de baúl | Apoya cabeza en asientos traseros | Asiento trasero rebatible | | Exterior: Limpia/lava luneta | Paragolpes pintados | Vidrios polarizados | Faros antiniebla delanteros | Llantas de aleación |','2.jpg',3,'3.jpg','4.jpg','5.jpg','6.jpg','7.jpg','8.jpg'),
(3,'MITO','1.4L Progression',2011,59.000,'nafta','Capital Federal','Belgrano',259.000,'UNICO DUEÑO EN EXCELENTE ESTADO. CON " DNA " ALFA ROMEO LISTO PARA TRANSFERIR. TOMAMOS USADO EN PARTE DE PAGO , TAMBIEN CREDITOS PRENDARIOS.','3.jpg',3,'11.jpg','12.jpg','13.jpg','14.jpg','15.jpg','16.jpg'),
(4,'159','JTS 3.2 4x4 (260Cv)',2012,43.000,'nafta','Capital Federal','Nuñez',348.000,'Veinticinco años de trayectoria en el mercado avalan nuestro profesionalismo cuando de unidades de alta gama se refiere, contamos ademas con un importante stock de vehiculos para todos los presupuestos. Contamos con amplios planes de financiación, en todas las modalidades Consulte con nuestros asesores estamos para atenderlo y siempre su inquietud será nuestra preocupacion','4.jpg',3,'17.jpg','18.jpg','19.jpg','20.jpg','21.jpg','22.jpg'),
(5,'MITO','1.4T QV',2014,1.971,'nafta','Capital Federal','Flores',380.000,'1971 km | . | Sonido: MP3 | Comando satelital de stereo | CD | AM/FM | | Seguridad: Airbag conductor | Control de velocidad de crucero | Control de tracción | Airbags laterales | Sensor de estacionamiento | Frenos ABS | Tercer stop | | Confort: Apoya cabeza en asientos traseros | Computadora de abordo | Bluetooth | Asiento trasero rebatible | Apertura remota de baúl | Faros regulables desde el interior | Cierre centralizado de puertas | Alarma de luces encendidas | Espejos eléctricos | Asiento conductor regulable en altura | Aire acondicionado | | Exterior: Faros antiniebla delanteros | Limpia/lava luneta | Paragolpes pintados | Llantas de aleación |','5.jpg',3,'23.jpg','24.jpg','25.jpg','26.jpg','27.jpg','28.jpg'),
(6,'155','2.0 TS Super',1993,60.000,'nafta','Buenos Aires','Chivilcoy',50.000,'FULL Vendo (precio a convenir) o Permuto Motor de tapa de cilindro para arriba dañano por fuego, el resto del auto en impecable estado, como se aprecia en las fotos.','6.jpg',3,'29.jpg','30.jpg','31.jpg','32.jpg','33.jpg','sin-foto.png'),
(7,'146','2.0 TD',1996,300.000,'diesel',' Rio Negro','Villa Regina',50.000,'','7.jpg',3,'34.jpg','sin-foto.png','sin-foto.png','sin-foto.png','sin-foto.png','sin-foto.png'),
(8,'Spider','3.0 V6 12v',1990,100.000,'nafta','Capital Federal','Nuñez',302.500,'','8.jpg',3,'35.jpg','36.jpg','37.jpg','38.jpg','39.jpg','40.jpg'),
(9,'145','1.8 TS 16v',1998,170.000,'nafta','Buenos Aires GBA','Haedo',68.000,'Vendo Alfa Romeo 145 TS 1.8 16 v modelo 98 con 170000km reales. El auto esta cuidado anda muy bien. No acepto permutas. Gracias.','9.jpg',3,'41.jpg','42.jpg','43.jpg','44.jpg','45.jpg','46.jpg'),
(10,'155','2.0 TS Super',1997,380.000,'nafta','Buenos Aires GBA','Pilar',46.000,'Auto en muy buen estado, interior muy bueno, mecanica excelente, funciona todo. Kilometraje real','10.jpg',3,'47.jpg','48.jpg','49.jpg','50.jpg','sin-foto.png','sin-foto.png'),
(11,'Topic','Mini Bus Dh Aa',1995,350.000,'diesel','Buenos Aires','Berisso',55.000,'Vendo a mi compañera de viajes y trabajo. Vendo Asia Topic modelo 95, gasolera, gasta en ruta 10 litros cada 100km, en ciudad 12. 4 gomas nuevas, el auxilio tiene 2 años, alarma, caja, burro y alternador echos hace 1 año, el estado general es bueno, tiene un par de cositas para hacerle, pero anda muy bien. Lista para viajar hasta el fin del mundo pero a 85 o 90 km/h. Permuto por Kangoo, Partner o Berlingo, pago diferencia tacataca.','11.jpg',5,'51.jpg','52.jpg','53.jpg','54.jpg','55.jpg','sin-foto.png'),
(12,'Topic','Mini Bus',1996,300.000,'diesel','Entre Rios','Parana',50.000,'MUY BUEN ESTADO. TAPIZADO NUEVO. PAPELES AL DÍA LISTO PARA TRASFERIR. IMPUESTOS PAGOS 2014.VENDO O PERMUTO POR AUTO pago diferencia.','12.jpg',5,'56.jpg','sin-foto.png','sin-foto.png','sin-foto.png','sin-foto.png','sin-foto.png'),
(13,'A4','2.0 T FSI',2011,78.000,'nafta','Buenos Aires GBA','Castelar',475.000,'CONCESIONARIO MULTIMARCA COMPRE SEGURO AUDI A4 2.0 TFSI 211CV SPORT CUERO MANUAL AÑO 2011 - 78.000Km ANTICIPO $250,000 SALDO EN 36 CUOTAS $ PRECIO CONTADO $ AL MEJOR PRECIO DEL MERCADO','13.jpg',6,'57.jpg','58.jpg','59.jpg','60.jpg','61.jpg','62.jpg'),
(14,'A3','Sportback 2.0 TDi',2005,150.000,'diesel','Buenos Aires GBA','San Martin',270.000,'AUDI A3 SPORTBACK 2.0 TDI 5 PTAS FULL FULL C/ CUERO/TECHO/NOGAL COLOR NEGRO EXCELENTE !!!','14.jpg',6,'63.jpg','64.jpg','65.jpg','66.jpg','67.jpg','68.jpg'),
(15,'A3','Sportback 2.0 T FSI S-Tronic',2012,68.000,'nafta','Capital Federal','Caballito',755.000,'Excelente Estado, Impecable','15.jpg',6,'69.jpg','70.jpg','71.jpg','72.jpg','73.jpg','74.jpg'),
(16,'A3','1.9 5P TDi',2005,67.000,'diesel','Capital Federal','Agronomía',189.990,'Audi A3 1.9 TDI 2005 - 67.000KM! Inmejorable estado, papeles al dia, cubiertas impecables, nunca un golpe, nuevo!!! Tenemos libre deuda de patentes e infracciones, informe de dominio, manuales, verificacion policial, esta listo para transferir.','16.jpg',6,'75.jpg','76.jpg','77.jpg','78.jpg','79.jpg','80.jpg'),
(17,'A3','Sportback 1.8 T FSI S-Tronic',2004,80.000,'nafta','Capital Federal','Nuñez',132.000,'Veinticinco años de trayectoria en el mercado avalan nuestro profesionalismo cuando de unidades de alta gama se refiere, contamos ademas con un importante stock de vehiculos para todos los presupuestos. Contamos con amplios planes de financiación, en todas las modalidades Consulte con nuestros asesores estamos para atenderlo y siempre su inquietud será nuestra preocupacion','17.jpg',6,'81.jpg','82.jpg','83.jpg','84.jpg','85.jpg','86.jpg'),
(18,'A5','3.2 Quattro Tiptronic',2009,76.500,'nafta','Capital Federal','Nuñez',435.000,'Veinticinco años de trayectoria en el mercado avalan nuestro profesionalismo cuando de unidades de alta gama se refiere, contamos ademas con un importante stock de vehiculos para todos los presupuestos. Contamos con amplios planes de financiación, en todas las modalidades Consulte con nuestros asesores estamos para atenderlo y siempre su inquietud será nuestra preocupacion','18.jpg',6,'87.jpg','88.jpg','89.jpg','90.jpg','91.jpg','92.jpg'),
(19,'A4','1.8 T FSI Attraction (160Cv)',2010,80.000,'nafta','Capital Federal','Nuñez',270.000,'Veinticinco años de trayectoria en el mercado avalan nuestro profesionalismo cuando de unidades de alta gama se refiere, contamos ademas con un importante stock de vehiculos para todos los presupuestos. Contamos con amplios planes de financiación, en todas las modalidades Consulte con nuestros asesores estamos para atenderlo y siempre su inquietud será nuestra preocupacion','19.jpg',6,'93.jpg','94.jpg','95.jpg','96.jpg','sin-foto.png','sin-foto.png'),
(20,'A4','1.8 T FSI Sport',2008,85.000,'nafta','Capital Federal','Agronomía',254.990,'INMEJORABLE ESTADO, KMS REALES, PAPELES AL DIA, INTERIOR IMPECABLE, CUBIERTAS IMPECABLES. NUNCA UN GOLPE. PINTURA ORIGINAL, ANDAR INMEJORABLE!! VERLO ES COMPRARLO!','20.jpg',6,'97.jpg','98.jpg','99.jpg','100.jpg','101.jpg','sin-foto.png'),
(21,'A3','Sportback 1.4 T FSI',2011,70.000,'nafta','Capital Federal','Villa Devoto',374.990,'DOCUMENTACION COMPLETA Y AL DIA LISTA PARA TRANSFERIR REALMENTE VEHICULO DIGNO DE VERSE POR SU ESTADO Y CUIDADO !!!! RETIRALA C0N FINANCIACION EXCLUSIVA EN CUOTAS FIJAS EN $$$$ TOMAMOS TU AUTO Y PLAN DE AHORRO 22 AÑOS EN EL MISMO BARRIO NOS AVALAN AV FRANCISCO BEIRO 3229, VILLA DEVOTO CAPITAL FEDERAL TEL: 4502-2020.','21.jpg',6,'102.jpg','103.jpg','104.jpg','105.jpg','106.jpg','107.jpg'),
(22,'DKW','1000 S',1960,100.000,'nafta','Mendoza','Maipu',45.000,'MUY BUENO, FUNCIONANDO, PAPELES LISTOS PARA TRANSFERIR','22.jpg',7,'108.jpg','109.jpg','sin-foto.png','sin-foto.png','sin-foto.png','sin-foto.png'),
(23,'Serie 3','320d Executive',2010,120.000,'diesel','Capital Federal','Agronomía',419.990,'INMEJORABLE ESTADO, KMS REALES, PAPELES AL DIA, INTERIOR IMPECABLE, CUBIERTAS IMPECABLES. NUNCA UN GOLPE. PINTURA ORIGINAL, ANDAR INMEJORABLE!! VERLO ES COMPRARLO!','23.jpg',9,'110.jpg','111.jpg','112.jpg','113.jpg','114.jpg','115.jpg'),
(24,'X3','2.5si Selective',2011,90.000,'nafta','Capital Federal','Nuñez',412.000,'Veinticinco años de trayectoria en el mercado avalan nuestro profesionalismo cuando de unidades de alta gama se refiere, contamos ademas con un importante stock de vehiculos para todos los presupuestos. Contamos con amplios planes de financiación, en todas las modalidades Consulte con nuestros asesores estamos para atenderlo y siempre su inquietud será nuestra preocupacion','24.jpg',9,'116.jpg','117.jpg','118.jpg','119.jpg','sin-foto.png','sin-foto.png'),
(25,'Serie 1','135i Coupé Sportive',2010,60.000,'nafta','Capital Federal','Nuñez',475.000,'Veinticinco años de trayectoria en el mercado avalan nuestro profesionalismo cuando de unidades de alta gama se refiere, contamos ademas con un importante stock de vehiculos para todos los presupuestos. Contamos con amplios planes de financiación, en todas las modalidades Consulte con nuestros asesores estamos para atenderlo y siempre su inquietud será nuestra preocupacion','25.jpg',9,'120.jpg','121.jpg','sin-foto.png','sin-foto.png','sin-foto.png','sin-foto.png'),
(26,'Serie 3','320 D',2007,95.000,'diesel','Capital Federal','Nuñez',300.000,'BMW 320 2.0 TD AÑO 2007 KM 95.000 "I M P E C A B L E"','26.jpg',9,'122.jpg','123.jpg','124.jpg','125.jpg','126.jpg','127.jpg'),
(27,'Serie 3','330Ci Sportive Coupé',2004,150.000,'nafta','Capital Federal','Agronomía',249.990,'BMW Serie 3 330Ci Club Sport Limit Edition - INMEJORABLE ESTADO, KMS REALES, PAPELES AL DIA, INTERIOR IMPECABLE, CUBIERTAS IMPECABLES. NUNCA UN GOLPE. , ANDAR INMEJORABLE!! VERLO ES COMPRARLO!','27.jpg',9,'128.jpg','129.jpg','130.jpg','131.jpg','132.jpg','133.jpg'),
(28,'Serie 3','325i Executive',1993,150.000,'nafta','Buenos Aires GBA','Escobar',135.000,'BMW 325i inmaculado, nuevo nuevo de verdad, kilometraje real 150.000 mil , titular 08 certificados, verificacion vigente y todo en regla y al dia, atendido siempre en service oficial bmw trepat, El vehiculo lo vendo porque es de mi padre ( aun está en vida) y no lo usa mas. El auto posee 4 cubiertas michelin nuevas, tiene tapizado de cuero color beige, todo su equipamiento de confort funcionando a la perfeccion, el auto es de color bordo.','28.jpg',9,'134.jpg','135.jpg','136.jpg','137.jpg','138.jpg','139.jpg'),
(29,'Serie 1','116i 5P',2009,61.000,'nafta','Buenos Aires GBA','Castelar',315.000,'TOMAMOS TU USADO AL MEJOR PRECIO DEL MERCADO TENEMOS LAS MEJOR TASAS DE INTERES CREDITOS A SOLA FIRMA - UNICO REQUISITO D.N.I "APROBACION INMEDIATA"','29.jpg',9,'140.jpg','141.jpg','142.jpg','143.jpg','144.jpg','145.jpg'),
(30,'X3','2.5si Selective',2009,105.000,'nafta','Buenos Aires GBA','Pilar',420.000,'BMW X3 2009 2.5 6MT Exclusive | Segundo dueño | Impecable | Service Oficiales | | Techo Cristal Panoramico | Tapizado de Cuero | | 4x4 Permanente| Airbag X10 | | Cubiertas Recien Colocadas |','30.jpg',9,'146.jpg','147.jpg','148.jpg','149.jpg','150.jpg','151.jpg'),
(31,'Serie 3','325i Executive',1994,197.000,'nafta','Buenos Aires','La Plata',150.000,'VENDO BMW 325IA 1994 PARTICULAR EN EXCELENTES CONDICIONES, DIGNO DE VER!!! VIENE EQUIPADO CON: - CAJA AUTOMATICA CON SELECTOR PARA VERSION ESTANDAR, DEPORTIVA Y NIEVE. - BUTACAS DE CUERO CALEFACCIONADAS, ELECTRICAS Y DEPORTIVAS. - VOLANTE DE CUERO DEPORTIVO. - CORTINA PARASOL EN LUNETA TRASERA. - PARASOLES CON LUCES DE CORTESIA. - CONTROL CRUCERO. - LEVANTAVIDRIOS ELECTRICOS EN LAS 4 PUERTAS “ONE TOUCH”. - ESPEJOS ELECTRICOS CALEFACCIONADOS. - COMPUTADORA DE ABORDO. - APOYABRAZOS CENTRALES DELANTERO Y TRASERO CON MINIBAULERA Y PORTAVASOS. - HERRAMIENTAS ORIGINALES. - BOTIQUIN DE PRIMEROS AUXILIOS ORIGINAL. - MANUAL ORIGINAL. - CRIQUE Y BALIZAS TRIANGULO ORIGINALES. NO SE ACEPTAN PERMUTAS TITULAR AL DIA CON TODOS LOS PAPELES.','31.jpg',9,'152.jpg','153.jpg','154.jpg','155.jpg','156.jpg','157.jpg'),
(32,'Serie 1','118i Active 5P',2011,69.000,'nafta','Capital Federal','Villa Urquiza',388.000,'BMW 118I 6MT MONITOR XENON TECHO SERVICE OFICIAL 69000 KM MUY BUEN ESTADO UNICA MANO IMPECABLE - TOMAMOS PERMUTA','32.jpg',9,'158.jpg','159.jpg','160.jpg','161.jpg','162.jpg','163.jpg');


-- DB de las motos 
CREATE TABLE IF NOT EXISTS `cat_motos` (
  `cat_id` INT(20) NOT NULL AUTO_INCREMENT COMMENT '',
  `cat_nombre` VARCHAR(45) NOT NULL COMMENT '',
  PRIMARY KEY (`cat_id`)  COMMENT '')
ENGINE = InnoDB;
--
-- Volcado de datos para la tabla `cat_motos`
--

INSERT INTO `cat_motos` (`cat_id`, `cat_nombre`) VALUES
(1, 'Appia'),
(2, 'Aprilia'),
(3, 'BMW'),
(4, 'Bajaj'),
(5, 'Beta'),
(6, 'Bloower'),
(7, 'Bombardier'),
(8, 'Brava'),
(9, 'Can Am'),
(10, 'Corven'),
(11, 'Dayama'),
(12, 'Daytona'),
(13, 'Ducati'),
(14, 'Gilera'),
(15, 'Goes'),
(16, 'Guerrero'),
(17, 'Harley Davidson'),
(18, 'Honda'),
(19, 'Jawa'),
(20, 'KTM'),
(21, 'Kawasaki'),
(22, 'Keeway'),
(23, 'Keller'),
(24, 'Kymco'),
(25, 'LuckyLion'),
(26, 'Mondial'),
(27, 'Motomel'),
(28, 'NSU'),
(29, 'Piaggio'),
(30, 'Piaggio Vespa'),
(31, 'Polaris'),
(32, 'Royal Enfield'),
(33, 'Rumi'),
(34, 'Sea Horse'),
(35, 'Siambretta'),
(36, 'Sumo'),
(37, 'Susuki'),
(38, 'Tibo'),
(39, 'Triumph'),
(40, 'Vespa'),
(41, 'Yamaha'),
(42, 'Zanella'),
(43, 'Otra Marca');

-- --------------------------------------------------------

--
-- Estructura de tabla para la tabla `motos`
--

CREATE TABLE `motos` (
  `id_motos` int(10) NOT NULL AUTO_INCREMENT,
  `modelo` varchar(45) COLLATE utf8_spanish2_ci NOT NULL,
  `anio` int(11) NOT NULL,
  `km` int(11) NOT NULL,
  `cilindrada` varchar(45) COLLATE utf8_spanish2_ci NOT NULL,
  `motor` varchar(50) COLLATE utf8_spanish2_ci NOT NULL,
  `provincia` varchar(45) COLLATE utf8_spanish2_ci NOT NULL,
  `ciudad` varchar(45) COLLATE utf8_spanish2_ci NOT NULL,
  `precio` float NOT NULL,
  `condicion` varchar(50) COLLATE utf8_spanish2_ci NOT NULL,
  `vendedor` varchar(50) COLLATE utf8_spanish2_ci NOT NULL,
  `descripcion` text COLLATE utf8_spanish2_ci NOT NULL,
  `fecha` date NOT NULL,
  `foto` varchar(45) COLLATE utf8_spanish2_ci NOT NULL,
  `cat_id` int(11) NOT NULL,
  `foto1` varchar(45) COLLATE utf8_spanish2_ci NOT NULL,
  `foto2` varchar(45) COLLATE utf8_spanish2_ci NOT NULL,
  `foto3` varchar(45) COLLATE utf8_spanish2_ci NOT NULL,
  `foto4` varchar(45) COLLATE utf8_spanish2_ci NOT NULL,
  `foto5` varchar(45) COLLATE utf8_spanish2_ci NOT NULL,
  `foto6` varchar(45) COLLATE utf8_spanish2_ci NOT NULL,
  PRIMARY KEY (`id_motos`))
ENGINE = InnoDB;

--
-- Volcado de datos para la tabla `motos`
--

INSERT INTO `motos` (`id_motos`,`modelo`, `anio`, `km`, `cilindrada`, `motor`, `provincia`, `ciudad`, `precio`, `condicion`, `vendedor`, `descripcion`, `fecha`, `foto`, `cat_id`, `foto1`, `foto2`, `foto3`, `foto4`, `foto5`, `foto6`) VALUES
(1,'Leyenda', 2014, 0, '150 cc', '4 tiempos', 'Mendoza', 'Luján de Cuyo', 27.5, 'Nuevo', 'particular', '0 KM, LLAMAR POR DETALLES, TANQUE SIN LACA AUN PARA DEFINIR TERMINACIONES O COLOR A GUSTO DEL CLIENTE', '2026-04-16', '1.jpg', 1, '1.jpg', '2.jpg', '3.jpg', '4.jpg', '5.jpg', '6.jpg'),
(2,'Rouser 135', 2015, 0, '135 cc', '4 tiempos', 'Capital Federal', 'Villa Devoto', 28.59, 'Nuevo', 'Concesionaria', 'bajaj rouser 135 0km disponible en evaizz motos promocion especial esta semana por moto gp', '2009-05-16', '2.jpg', 4, '7.jpg', '8.jpg', '9.jpg', '10.jpg', '11.jpg', '12.jpg'),
(3,'220', 2015, 0, '220 cc', '4 tiempos', 'Capital Federal', 'Villa Devoto', 42.9, 'Nuevo', 'Concesionaria', 'bajaj 220 excelente oferta !!!entrega inmediata bajaj 220 2015 oferta entrega inmediata av san martin 6495 caba 4574-3209/10', '2009-05-16', '3.jpg', 4, '13.jpg', '14.jpg', '15.jpg', '16.jpg', '17.jpg', '18.jpg'),
(4,'Rouser 180', 2015, 0, '180 cc', '4 tiempos', 'Capital Federal', 'Villa Devoto', 34.5, 'Nuevo', 'Concesionaria', 'bajaj rouser 180 0km oferta entrega inmediata bajaj rouser 180 0km oferta entrega inmediata EVAIZZ MOTOS av san martin 6495 caba 4574-3209/10', '2009-05-16', '4.jpg', 4, '19.jpg', '20.jpg', '21.jpg', '22.jpg', '23.jpg', '24.jpg'),
(5,'Rouser 200 ns', 2015, 0, '200 cc', '4 tiempos', 'Capital Federal', 'Villa Devoto', 54.49, 'Nuevo', 'Concesionaria', 'bajaj rauser 200 ns 0km disponible en evaizz motos BAJAJ ROUSER NS 200 0KM OFERTA ENREGA INMEDIATA solo en EVAIZZ MOTOS AV SAN MARTIN 6495 CABA 4574-3209/10', '2022-04-16', '5.jpg', 4, '25.jpg', '26.jpg', '27.jpg', '28.jpg', '29.jpg', '30.jpg'),
(6,'Avenger 220', 2015, 0, '220 cc', '4 tiempos', 'Capital Federal', 'Villa Devoto', 48.5, 'Nuevo', 'Concesionaria', 'bajaj avenger 220 en evaizz motos bajaj 220 avenger 2015 oferta entrega inmediata av san martin 6495 caba 4574-3209/10', '2022-04-16', '6.jpg', 4, '31.jpg', '32.jpg', '33.jpg', '34.jpg', '35.jpg', '36.jpg'),
(7,'CRF 450 R6', 2016, 0, '450 cc', '4 tiempos', 'Córdoba', 'Córdoba', 90, 'Nuevo', 'Particular', 'imperdible! excelente estado! APENAS 9 TANQUES DE USO, PRACTICAMENTE NUEVA ,TODA LA DOCUMENTACION ! A) FACTURA DE COMPRA ORIGINAL B) VERIFICACION POLICIAL ( FORMULARIO 12 ) C) CERTIFICADO 01 * SE VENDE SI O SI TRANSFERIDA. SINO NO SE VENDE. RECIBO VALORES O DOCUMENTOS EN ESCRIBANO PUBLICO ( SIN PRENDA NI INTERESES ) ********** ENVIOS A TODO EL PAIS Y TRANSFERENCIA EN TU CIUDAD ***** EN EL ACTO CON LOS CONTADORES DE LA EMPRESA.', '2011-05-16', '7.jpg', 18, '37.jpg', '38.jpg', '39.jpg', '40.jpg', 'sin-foto.png', 'sin-foto.png'),
(8,'CBX 250 Twister', 2011, 5, '250 cc', '4 tiempos', 'Santa Fé', 'Rosario', 59, 'Usado', 'Particular', 'HONDA CBX 250 5.000 KM. UNICA MANO EXCELENTE ESTADO HONDA CBX 250. 5.000 KM. RODADA 2015. SUPER IMPECABLE. ÚNICO DUEÑO. MANUALES. SERVICIOS. LISTA PARA TRANSFERIR. NO PERMUTO. ESCUCHO OFERTA CONTADO. ZONA CENTRO 155-805551 - 153-811897 - 4476424.', '2011-05-16', '8.jpg', 18, '41.jpg', '42.jpg', '43.jpg', 'sin-foto.png', 'sin-foto.png', 'sin-foto.png'),
(9,'XR 250 Tornado', 2015, 2, '250 cc', '4 tiempos', 'G.B.A. Zona Norte', 'San Martín', 85, 'Usado', 'Particular', 'Honda Tornado 250cc Tornado 250cc - Modelo 2015 Vendo por no darle uso. Honda Tornado roja y blanca Modelo: Septiembre 2015 Único dueño. Papeles al día – Se vende transferida. Posee 1500 kilómetros. Service Oficial. Tiene las llantas pintadas de negro como se ve en la primer foto y luces traseras Dm leds. (Tengo el colín original). Escucho Oferta razonable!! No acepto permutas. Nicolás. 15-2410-7494 397*309', '2011-05-16', '9.jpg', 18, '44.jpg', '45.jpg', '46.jpg', '47.jpg', 'sin-foto.png', 'sin-foto.png'),
(10,'XR 125 L', 2013, 4, '125 cc', '4 tiempos', 'G.B.A. Zona Sur', 'Temperley', 34.5, 'Usado', 'Particular', 'Oprotunidad !!!!Imperdible, Honda XR 125 L Unico Dueño Oportunidad!!!!!!! Imperdible, Honda XR 125 L Unico Dueño Poqusimo uso 3700 Km Reales (Al 9 de Abril 2016) de Enero 2013 Todos los Services Oficiales Solo Venta con ******Transferencia***** Radicada en Lomas de Zamora, Patente Anual 2015.', '2010-05-16', '10.jpg', 18, '48.jpg', '49.jpg', '50.jpg', '51.jpg', '52.jpg', '53.jpg'),
(11,'YXZ', 2015, 16, '1000 cc', '4 tiempos', 'Bs. As. Costa Atlántica', 'Mar del Plata', 70, 'Usado', 'Particular', 'Yamaha YXZ yo utilizo el UTV muy raramente, porque fue un regalo y no tengo tiempo de usarlo este UTV está como nuevo, tiene sólo 16 Millas', '2029-04-16', '11.jpg', 41, '54.jpg', '55.jpg', '56.jpg', '57.jpg', '58.jpg', '59.jpg'),
(12,'r1', 2011, 35, '1000 cc', '4 tiempos', 'Bs. As. Interior', '30 de Agosto', 87.9, 'Usado', 'Particular', 'Yamaha r1 Año 2011 Color Blanco Kilometraje 34500 Excelente estado! Cubiertas nuevas! Servis recién realizado! Accesorio: escape shosimura incluida y. Giros delanteros empotrados Faro trasero con giros incluidos Maneras freno y embrague Doble burbuja Xenón Slaider de carenado Slaider rueda delantera', '2009-05-16', '12.jpg', 41, '60.jpg', '61.jpg', '62.jpg', '63.jpg', '64.jpg', 'sin-foto.png'),
(13,'FZ16', 2012, 2, '160 cc', '4 tiempos', 'G.B.A. Zona Sur', 'Avellaneda', 36, 'Usado', 'Particular', 'YAMAHA FZ 16 MID IMPECABLE MOTO EN IMPECABLE ESTADO YAMAHA FZ MID 160 COMO NUEVA ,2400KM REALES, .PAPELES AL DÍA , verificación policial libre deudas patentes AÑO 2012 ,LISTA PARA TRANSFERIR', '2008-05-16', '13.jpg', 41, '65.jpg', '66.jpg', '67.jpg', '68.jpg', '69.jpg', 'sin-foto.png');

